{
  "project_info": {
    "project_number": "883800866844",
    "firebase_url": "https://iotcare-21146.firebaseio.com",
    "project_id": "iotcare-21146",
    "storage_bucket": "iotcare-21146.appspot.com"
  },
  "client": [
    {
      "client_info": {
        "mobilesdk_app_id": "1:883800866844:android:9a20537d927258de",
        "android_client_info": {
          "package_name": "com.google.example.iotcare"
        }
      },
      "oauth_client": [
        {
          "client_id": "883800866844-k0bpq7luicbhk3s744tg0erio1bg6r0b.apps.googleusercontent.com",
          "client_type": 3
        }
      ],
      "api_key": [
        {
          "current_key": "AIzaSyBOleAVZkhWcP_vwH1C98jUztA_mxkXwrI"
        }
      ],
      "services": {
        "analytics_service": {
          "status": 1
        },
        "appinvite_service": {
          "status": 1,
          "other_platform_oauth_client": []
        },
        "ads_service": {
          "status": 2
        }
      }
    }
  ],
  "configuration_version": "1"
}